Sequence ID	Position	Nucleotide	Acceptor Score	Donor Score
Ex2WT_for_SpliceAI_4	15	G	6.270131e-05	0.52291924
Ex2WT_for_SpliceAI_4	1190	T	0.8293012	4.8046622e-06
Ex2WT_for_SpliceAI_4	1302	G	0.0010784526	0.514758
Ex2FLEx_for_SpliceAI_4	15	G	9.456409e-05	0.3331299
Ex2FLEx_for_SpliceAI_4	1532	a	0.3059978	4.8836096e-06
Ex2FLEx_Recombination_for_SpliceAI_4	15	G	5.9739694e-05	0.53808737
Ex2FLEx_Recombination_for_SpliceAI_4	1224	T	0.81262857	4.213972e-06
Ex2FLEx_Recombination_for_SpliceAI_4	1336	G	0.00082614797	0.43571615
