Sequence ID	Position	Nucleotide	Acceptor Score	Donor Score
Ex2WT_for_SpliceAI_8	15	G	6.270131e-05	0.52291924
Ex2WT_for_SpliceAI_8	1190	T	0.8293012	4.8046622e-06
Ex2WT_for_SpliceAI_8	1302	G	0.0010784526	0.514758
Ex2FLEx_for_SpliceAI_8	15	G	0.00010071676	0.32348105
Ex2FLEx_for_SpliceAI_8	1443	a	0.27496377	3.998003e-06
Ex2FLEx_Recombination_for_SpliceAI_8	15	G	5.707425e-05	0.5431879
Ex2FLEx_Recombination_for_SpliceAI_8	1224	T	0.8130499	2.980671e-06
Ex2FLEx_Recombination_for_SpliceAI_8	1336	G	0.0008273277	0.44322133
